rownum	iBAQ ml45_1	iBAQ ml45_2	iBAQ ml45_3	iBAQ Mrps36_1	iBAQ Mrps36_2	iBAQ Mrps36_3	gene_names	t_df	p_value	alternative	estimate	logFC	significant	Description	MitoCarta3.0_SubMitoLocalization	MitoCarta3.0_MitoPathways
p_24	20.8819630737886	23.251244447143502	23.43657036750249	21.40051727067133	21.593637770022266	0	GPX1	2.4529592883664653	1.0467529278504608	greater	5778966.666666667	1.0261817757980687	FALSE	glutathione peroxidase 1	Matrix	Metabolism > Detoxification > ROS and glutathione metabolism | Metabolism > Detoxification > Selenoproteins
p_29	23.847758652693006	24.539017312377986	24.33005582774973	23.647352251353063	22.06638125417333	18.31212515000104	MTHFD1L	3.6139296464814388	1.663005280409553	greater	14280987.988274673	2.8969910457644303	TRUE	methylenetetrahydrofolate dehydrogenase (NADP+ dependent) 1 like	Matrix	Metabolism > Vitamin metabolism > Folate and 1-C metabolism
p_42	22.638784335953666	23.07853344241022	23.122736540944242	22.776617163322243	20.004841777000813	16.153057168311378	NDUFA10	2.5366898997914085	1.2094398790459033	greater	5416038.030831546	3.3018460702245633	FALSE	NADH:ubiquinone oxidoreductase subunit A10	MIM	OXPHOS > Complex I > CI subunits | OXPHOS > OXPHOS subunits
p_52	22.561717958349874	21.90928847061479	22.059367237788354	22.921743074563253	19.933011984751147	16.036645846134043	IDH3B	2.3034136396783187	0.5681691918766149	greater	1851091.8246262465	2.5463242537681943	FALSE	isocitrate dehydrogenase (NAD(+)) 3 non-catalytic subunit beta	Matrix	Metabolism > Carbohydrate metabolism > TCA cycle
p_55	22.707146140944122	24.838940031221547	24.445059378077573	20.756133596035475	18.31487085540557	15.296306831984953	OXA1L	2.024640278523468	1.2744459307067448	greater	19189380.485357363	5.8746114222724195	FALSE	OXA1L mitochondrial inner membrane protein	MIM	Protein import, sorting and homeostasis > Protein import and sorting > OXA | Mitochondrial central dogma > Translation
p_65	30.912707688993436	31.916734529660197	31.864004803386774	26.29459945355782	23.582333243305328	22.2621559376922	MRPL45	2.0059652670082704	1.7317888666695647	greater	3295885075.2178445	7.518119462495015	TRUE	mitochondrial ribosomal protein L45	Matrix	Mitochondrial central dogma > Translation > Mitochondrial ribosome
p_68	25.061881756058067	25.611696005112574	25.0669393043089	25.53620336535223	22.981286627912223	19.7088868586298	VDAC2	2.5183357007172127	0.8423605851509249	greater	21229410.073556088	2.504713404528431	FALSE	voltage dependent anion channel 2	MOM	Small molecule transport
p_92	22.487949178795105	22.999327907257097	23.028033013015328	21.471298636606257	20.70252528557628	16.524954851375693	ACAA2	3.9938370192999315	2.4411779044604534	greater	6054290.457222174	3.272177108503101	TRUE	acetyl-CoA acyltransferase 2	Matrix	Metabolism > Carbohydrate metabolism > Ketone metabolism | Metabolism > Lipid metabolism > Fatty acid oxidation | Metabolism > Amino acid metabolism > Lysine metabolism
p_129	22.599960273158732	18.642767417792147	22.71540255905013	22.514726813948673	20.523631824186456	0	ALDH7A1	3.92079416010132	0.6040900835879015	greater	2051130.0000000005	-0.1998025690672307	FALSE	aldehyde dehydrogenase 7 family member A1	Matrix	Metabolism > Amino acid metabolism > Lysine metabolism | Metabolism > Amino acid metabolism > Glycine metabolism | Metabolism > Vitamin metabolism > Choline and betaine metabolism | Metabolism > Vitamin metabolism > Folate and 1-C metabolism | Metabolism > Detoxification > ROS and glutathione metabolism
p_144	21.510797482423385	22.40109018003065	22.589528858430842	21.82803457302229	19.268265565699686	0	ME2	3.928267542226826	1.370654212861881	greater	3494556.6666666665	1.6189887709339708	TRUE	malic enzyme 2	Matrix	Metabolism > Carbohydrate metabolism > TCA-associated
p_154	20.9216528318193	19.8378142322974	19.3416078596606	0	19.44833210939813	18.290959295331945	CLPB	2.9858099898371724	1.1038032815243135	greater	850550	1.1640459388940627	FALSE	caseinolytic mitochondrial matrix peptidase chaperone subunit B	IMS	Protein import, sorting and homeostasis > Protein homeostasis > Proteases
p_159	21.7971315147923	23.105319809535114	24.323611235585716	21.597598405158386	21.557587569437743	15.969251599661849	SUCLA2	2.161633054743432	0.9709878070881751	greater	9122723.016196474	3.3672083285517154	FALSE	succinate-CoA ligase ADP-forming subunit beta	Matrix	Metabolism > Carbohydrate metabolism > TCA cycle | Metabolism > Carbohydrate metabolism > Itaconate metabolism | Metabolism > Nucleotide metabolism > Nucleotide synthesis and processing
p_172	21.887030545229642	23.951092670874345	22.35678641999824	22.863554314780686	17.917599347586098	16.521416410762335	NDUFA6	3.4043784218015505	0.8449705492809299	greater	5837100.655054006	3.63077985432437	FALSE	NADH:ubiquinone oxidoreductase subunit A6	MIM	OXPHOS > Complex I > CI subunits | OXPHOS > OXPHOS subunits
p_203	22.192106456733956	22.418489100457176	22.1587246252238	21.357296944385684	16.924870481118816	14.750131216767882	ABCB7	2.441735496773785	1.7925121115127889	greater	4081690.9793645637	4.579007180047515	TRUE	ATP binding cassette subfamily B member 7	MIM	Metabolism > Metals and cofactors > Heme synthesis and processing | Metabolism > Metals and cofactors > Fe-S cluster biosynthesis | Metabolism > Metals and cofactors > Molybdenum cofactor synthesis and proteins | Small molecule transport > ABC transporters
p_206	24.215342287454718	24.88413515685813	25.33647172552083	24.606650605222843	22.74782030786971	17.976625651435832	ACAT1	3.9243433609672707	1.226523110015964	greater	20046535.466641583	3.034950868435093	FALSE	acetyl-CoA acetyltransferase 1	Matrix	Metabolism > Carbohydrate metabolism > Ketone metabolism | Metabolism > Lipid metabolism > Fatty acid oxidation | Metabolism > Amino acid metabolism > Branched-chain amino acid metabolism | Metabolism > Amino acid metabolism > Lysine metabolism
p_207	23.66795707827306	24.94520952465351	24.661393267330578	24.335994959454258	22.401689159775717	17.720210852284307	LDHB	3.9462675481827847	1.1271962602015249	greater	15113084.49368371	2.9388882995809595	FALSE	lactate dehydrogenase B	unknown	Metabolism > Amino acid metabolism > Glyoxylate metabolism
p_238	25.623186507504155	26.01011438386153	26.99334477770948	24.73974770459104	23.894395277376454	20.56281350468895	HSPA9	2.385418352433725	1.3075201786389024	greater	69434587.50351553	3.14322972747291	TRUE	heat shock protein family A (Hsp70) member 9	Matrix	Metabolism > Metals and cofactors > Fe-S cluster biosynthesis
p_247	20.378461033008506	21.74184754827559	21.46677600157484	20.653160842990157	18.311947828146362	0	MTHFD2	3.797637553889664	1.3988312431247845	greater	1931360	1.7131405253847198	TRUE	methylenetetrahydrofolate dehydrogenase (NADP+ dependent) 2, methenyltetrahydrofolate cyclohydrolase	Matrix	Metabolism > Vitamin metabolism > Folate and 1-C metabolism
p_262	19.54438529817701	21.325040235877985	20.865217494677694	0	0	0	NDUFS2	2	1.3836591052895397	greater	1767273.3333333333	NA	NA	NADH:ubiquinone oxidoreductase core subunit S2	MIM	OXPHOS > Complex I > CI subunits | Metabolism > Metals and cofactors > Fe-S-containing proteins | OXPHOS > OXPHOS subunits
p_276	19.61176868249357	19.436933124145277	19.07793965549897	0	14.366253903204306	14.713601313573754	VWA8	2.050979997070446	2.2741463697300937	greater	672108.3333333334	4.835619545656906	TRUE	von Willebrand factor A domain containing 8	Matrix	0
p_277	21.83919032982848	22.466203200416434	22.092747141952476	19.374583170045174	0	0	GTPBP10	2.562572487999434	2.301821647735323	greater	4446426.666666667	2.7581303873539547	TRUE	GTP binding protein 10	Matrix	Mitochondrial central dogma > Translation > Mitochondrial ribosome assembly
p_285	19.371502285026292	20.755889188960403	20.424191923267866	21.078419916868707	17.405581931225836	0	MRPL37	2.7837123571521825	0.5390038494751748	greater	489350	0.9418602083709153	FALSE	mitochondrial ribosomal protein L37	Matrix	Mitochondrial central dogma > Translation > Mitochondrial ribosome
p_310	20.93473973196816	23.01848834585424	21.04266733948724	20.380893282924383	0	0	NDUFAF5	2.180786358345728	0.9651012026829145	greater	3765299.9999999995	1.2844051895121638	FALSE	NADH:ubiquinone oxidoreductase complex assembly factor 5	MIM	OXPHOS > Complex I > CI assembly factors | OXPHOS > OXPHOS assembly factors
p_313	24.03657617792377	25.652093327987906	25.063322701458304	24.291862676082058	23.564999895932424	19.696782492532282	CS	3.1555363115435715	1.1810961928989798	greater	23810542.371293455	2.399449047607739	FALSE	citrate synthase	Matrix	Metabolism > Carbohydrate metabolism > TCA cycle
p_334	21.365650170514737	23.17534441673978	22.721089381587333	21.863592311773	20.159926755018542	17.301451538764457	ACADM	3.1798031457897116	1.2026195475439698	greater	4699168.498841654	2.645704454428614	FALSE	acyl-CoA dehydrogenase medium chain	Matrix	Metabolism > Lipid metabolism > Fatty acid oxidation
p_335	20.93682553811595	22.08206358311867	22.61786760937538	0	18.686031963680726	0	GLS	2.0481922434471276	1.389205318052493	greater	4153983.3333333335	3.1928869465226093	TRUE	glutaminase	MIM	Metabolism > Amino acid metabolism > Glutamate metabolism
p_348	21.64816489028102	21.785125554562285	20.55356273841367	21.96010271452538	0	0	NDUFAF7	2.854144158989911	0.68962964821893	greater	1453200	-0.6311516534397192	FALSE	NADH:ubiquinone oxidoreductase complex assembly factor 7	MIM	OXPHOS > Complex I > CI assembly factors | OXPHOS > OXPHOS assembly factors
p_363	23.042215946845822	23.55168585168329	21.94374424708723	23.385876220885148	20.828112460155715	16.931810921734012	MRPS34	3.597300870202483	0.7101471896690679	greater	4046401.3705420457	2.4639488142804886	FALSE	mitochondrial ribosomal protein S34	Matrix	Mitochondrial central dogma > Translation > Mitochondrial ribosome
p_370	20.32300746688837	25.156457821370925	24.553503269412058	0	0	0	LYRM4	2	1.0368527546534907	greater	21110900	NA	FALSE	LYR motif containing 4	Matrix	Metabolism > Metals and cofactors > Fe-S cluster biosynthesis
p_372	19.090761134987524	19.055210930325718	19.36446599281516	19.796031684837953	17.425469991981252	0	L2HGDH	2.0878831567913716	0.6054461553458718	greater	230560	0.5593951809665327	FALSE	L-2-hydroxyglutarate dehydrogenase	MIM	Metabolism > Carbohydrate metabolism > TCA-associated
p_373	21.10910435544472	21.870344022719355	22.291792643373682	21.245917646379645	0	20.059335217895914	PHB	3.920669718958245	1.3850705043342655	greater	2550233.333333333	1.1044539083748077	FALSE	prohibitin	MIM	Protein import, sorting and homeostasis > Protein homeostasis > Chaperones
p_454	23.2735544588304	0	0	26.626588025605297	24.25104206783961	19.960846165408018	MRPS36	2.045998580706055	0.7575697999948191	less	-38152166.666666664	-0.33927096078723906	FALSE	mitochondrial ribosomal protein S36	Matrix	Mitochondrial central dogma > Translation > Mitochondrial ribosome | Metabolism > Carbohydrate metabolism > TCA cycle
p_465	18.971159007053917	20.33995544775176	19.716375716685647	0	0	0	NDUFS6	2	1.5079587405459765	greater	900846.6666666666	NA	NA	NADH:ubiquinone oxidoreductase subunit S6	MIM	OXPHOS > Complex I > CI subunits | OXPHOS > OXPHOS subunits
p_489	19.197751824955315	21.189726247420065	22.276283747831723	0	18.289654202029922	0	NDUFV2	2.0269432550934727	1.0345786668734847	greater	2584126.6666666665	2.598266404705779	FALSE	NADH:ubiquinone oxidoreductase core subunit V2	MIM	OXPHOS > Complex I > CI subunits | Metabolism > Metals and cofactors > Fe-S-containing proteins | OXPHOS > OXPHOS subunits
p_490	20.80687761582229	20.616388204354593	20.93293919967161	21.530172457087442	19.580624775091106	0	IDH3G	2.063419161086656	0.5150884687350941	greater	543743.3333333333	0.23000305719355651	FALSE	isocitrate dehydrogenase (NAD(+)) 3 non-catalytic subunit gamma	Matrix	Metabolism > Carbohydrate metabolism > TCA cycle
p_511	20.964939412638532	22.176364620130595	22.169530228142232	21.693747696191622	19.22230200476676	17.060136491851992	DLD	3.913709540988521	1.1404893051455276	greater	2491173.286672594	2.4448826893669953	FALSE	dihydrolipoamide dehydrogenase	Matrix	Metabolism > Carbohydrate metabolism > Pyruvate metabolism | Metabolism > Carbohydrate metabolism > TCA cycle | Metabolism > Amino acid metabolism > Branched-chain amino acid metabolism | Metabolism > Amino acid metabolism > Branched-chain amino acid dehydrogenase complex | Metabolism > Amino acid metabolism > Lysine metabolism | Metabolism > Amino acid metabolism > Glycine metabolism | Metabolism > Amino acid metabolism > Glycine cleavage system
p_513	20.777801905970744	23.3832414015807	21.300616771314644	18.942580366200016	21.79776481377696	16.99635211152268	HADH	2.570106374221761	0.7735171377043683	greater	3683028.8582823942	2.574987595788812	FALSE	hydroxyacyl-CoA dehydrogenase	Matrix	Metabolism > Lipid metabolism > Fatty acid oxidation | Metabolism > Amino acid metabolism > Lysine metabolism
p_521	20.577547766694355	22.020253280027884	22.29706543088652	20.953901579689404	18.742121901964925	0	MTCH2	3.183756871879344	1.2938075858304772	greater	2834010	1.7836104183757548	FALSE	mitochondrial carrier 2	MOM	Small molecule transport > SLC25A family | Mitochondrial dynamics and surveillance > Fusion
p_542	21.20949441776845	21.8329089381667	22.99379409211856	21.821315049388907	20.20251725247042	0	PUS1	3.2976399865020083	0.9638586870277177	greater	3200266.666666667	1.0001496650882409	FALSE	pseudouridine synthase 1	Matrix	Mitochondrial central dogma > mtRNA metabolism > mtRNA granules | Mitochondrial central dogma > mtRNA metabolism > mt-tRNA modifications
p_546	25.366730445380743	26.497820551469104	26.241545079878435	23.2637037503332	21.59650690173118	18.99921003943172	GRSF1	2.1497754535433855	1.6730701362179339	greater	68017817.22417721	4.748891795077395	TRUE	G-rich RNA sequence binding factor 1	Matrix	Mitochondrial central dogma > mtRNA metabolism > mtRNA granules | Mitochondrial central dogma > mtRNA metabolism > Polycistronic mtRNA processing | Mitochondrial central dogma > mtRNA metabolism > mtRNA stability and decay | Mitochondrial central dogma > Translation > Mitochondrial ribosome assembly
p_558	22.102295165876576	22.39866567951773	21.146004888549466	20.406862057121113	18.962853653557033	17.700907011922343	PDE12	2.704339490233012	1.600674909765445	greater	3480553.4959487417	2.8587810037810932	TRUE	phosphodiesterase 12	Matrix	Mitochondrial central dogma > mtRNA metabolism > mt-mRNA modifications | Mitochondrial central dogma > mtRNA metabolism > mtRNA stability and decay
p_599	22.630031773669096	23.141380770462955	22.65560780344338	22.246961190497586	16.48911099952377	17.843350640326626	MRPS22	3.1439004806067725	1.5961514857268415	greater	5688566.811807534	3.949199172409145	TRUE	mitochondrial ribosomal protein S22	Matrix	Mitochondrial central dogma > Translation > Mitochondrial ribosome
p_600	23.23713073086008	23.731795589476693	24.33966905729615	22.75189072169142	18.296033425784977	15.039989984724684	MRPS27	3.559580470586247	1.6768037177120199	greater	12547266.32355317	5.073560415143952	TRUE	mitochondrial ribosomal protein S27	Matrix	Mitochondrial central dogma > Translation > Mitochondrial ribosome
p_609	22.231516816352865	23.74529856640088	23.14429368592801	21.3654365882934	20.324876028119412	0	MRPL1	2.3468455033671134	1.387913831477846	greater	8080766.666666667	2.1952133813541757	TRUE	mitochondrial ribosomal protein L1	Matrix	Mitochondrial central dogma > Translation > Mitochondrial ribosome
p_612	24.58548849975025	24.700017637437945	24.259830669752336	21.73698526884731	0	18.683429865937136	MRPS28	2.9995704036395336	2.912890291254274	greater	22867236.666666668	4.304904701587951	TRUE	mitochondrial ribosomal protein S28	Matrix	Mitochondrial central dogma > Translation > Mitochondrial ribosome
p_614	22.46440939244178	22.44144198228237	22.735353767013724	21.40416083491365	18.37029150350417	0	DLAT	2.8566085131291756	2.1277652013068513	greater	5117150	2.659842211370382	TRUE	dihydrolipoamide S-acetyltransferase	Matrix	Metabolism > Carbohydrate metabolism > Pyruvate metabolism
p_618	22.466178301684206	23.93274037319584	24.249596191823024	23.10049953210703	22.086508487316205	18.159413131104444	HADHA	3.2930760767093794	1.1401481034159335	greater	9386235.15698278	2.4340312387251295	FALSE	hydroxyacyl-CoA dehydrogenase trifunctional multienzyme complex subunit alpha	MIM	Metabolism > Lipid metabolism > Fatty acid oxidation | Metabolism > Lipid metabolism > Cardiolipin synthesis | Metabolism > Amino acid metabolism > Branched-chain amino acid metabolism
p_623	23.998260637259897	24.356960800101742	24.953581258106173	24.437967464328178	21.690682208472246	18.926223594101355	IDH3A	3.4798718840631127	1.0834566935923942	greater	14757092.613587813	2.751309809522006	FALSE	isocitrate dehydrogenase (NAD(+)) 3 catalytic subunit alpha	Matrix	Metabolism > Carbohydrate metabolism > TCA cycle
p_638	21.25118708152704	21.818938254562738	20.54018953983798	21.609505666320764	17.28347726959094	0	UQCRC2	3.2886196991260124	0.8082431250346022	greater	1453723.3333333333	1.7569468240200656	FALSE	ubiquinol-cytochrome c reductase core protein 2	MIM	Protein import, sorting and homeostasis > Protein import and sorting > Preprotein cleavage | OXPHOS > Complex III > CIII subunits | OXPHOS > OXPHOS subunits
p_641	21.631919947433556	20.278101165991966	23.119637268655925	20.965362262820683	17.043144796917527	13.502956083262315	EARS2	2.3128241029803926	0.9166821926210356	greater	3816549.6430649757	4.5060650796936415	FALSE	glutamyl-tRNA synthetase 2, mitochondrial	Matrix	Mitochondrial central dogma > Translation > mt-tRNA synthetases
p_646	22.0944878530295	21.873276253550447	21.732520638224145	21.501934831686317	19.50541034470076	16.522412953622215	DHX30	2.4229707001771863	1.3874352344060361	greater	2691674.3030685848	2.7235088715982663	TRUE	DExH-box helicase 30	Matrix	Mitochondrial central dogma > mtRNA metabolism > mtRNA granules | Mitochondrial central dogma > Translation > Mitochondrial ribosome assembly
p_652	0	22.616567015548615	21.900839175357152	21.66912597986283	0	0	PRDX4	3.255399814537309	0.7496776959680131	greater	2337266.666666667	0.5895771155900533	FALSE	peroxiredoxin 4	IMS	Metabolism > Detoxification > ROS and glutathione metabolism
p_655	19.219634132784396	19.30754992941228	21.55814834733036	20.1464406463872	16.837517066075467	16.481783667866335	SLC25A11	2.74571264493326	0.7583653221813317	greater	1008008.3486996162	2.20653034306601	FALSE	solute carrier family 25 member 11	MIM	Metabolism > Carbohydrate metabolism > Gluconeogenesis | Metabolism > Carbohydrate metabolism > Malate-aspartate shuttle | Metabolism > Carbohydrate metabolism > TCA-associated | Small molecule transport > SLC25A family
p_659	22.43216694840477	22.570963055579956	22.824328916752407	0	18.43640655711566	0	ATPAF1	2.205653429018619	2.6125734230055366	greater	6320686.666666666	4.172746416463383	TRUE	ATP synthase mitochondrial F1 complex assembly factor 1	Matrix	OXPHOS > Complex V > CV assembly factors | OXPHOS > OXPHOS assembly factors
p_669	22.345785573030216	21.508091190964645	22.297597248333656	22.42547229701648	19.346117633659397	16.833322500786636	DCXR	2.7112938527962407	0.8044467473810524	greater	2362415.5150508373	2.515520526955335	FALSE	dicarbonyl and L-xylulose reductase	Matrix	Metabolism > Carbohydrate metabolism
p_693	23.489836325849772	22.840420089290447	23.837015844338968	23.420212237703122	21.83453007367468	18.37543403404663	LONP1	3.470019392171201	1.024700397245201	greater	6398850.73885301	2.1790319713515878	FALSE	lon peptidase 1, mitochondrial	Matrix	Protein import, sorting and homeostasis > Protein homeostasis > Proteases
p_720	22.641851764203615	22.292663420311555	23.792630753830156	21.99755474337159	20.666571629615092	0	ACOT7	2.6724960518724035	1.178567829699473	greater	6787166.666666666	1.576985459621767	FALSE	acyl-CoA thioesterase 7	Matrix	Metabolism > Lipid metabolism
p_726	21.28528762976804	21.027426168215474	20.79669635644146	19.55714019278137	15.796191741033383	0	POLRMT	3.9079877267031216	2.626899995523259	greater	1895429.6666666667	3.3598040845676103	TRUE	RNA polymerase mitochondrial	Matrix	Mitochondrial central dogma > mtDNA maintenance > mtDNA replication | Mitochondrial central dogma > mtDNA maintenance > mtDNA nucleoid | Mitochondrial central dogma > mtRNA metabolism > Transcription
p_763	24.51171411406089	25.01303607177446	25.14090499393196	23.261409889335155	21.180893149808966	16.778936965153484	TIMM44	3.750855788983553	2.4994169543927667	greater	27438934.88703456	4.481471725156567	TRUE	translocase of inner mitochondrial membrane 44	MIM	Protein import, sorting and homeostasis > Protein import and sorting > Import motor
p_788	19.4525408858268	21.477537432503027	22.073132478662934	19.510750648768695	18.975783608511378	0	PMPCB	2.1689848000226237	1.0837350867620907	greater	2262433.333333333	1.7578031370242186	FALSE	peptidase, mitochondrial processing subunit beta	Matrix	Protein import, sorting and homeostasis > Protein import and sorting > Preprotein cleavage | Protein import, sorting and homeostasis > Protein homeostasis > Proteases
p_790	21.25303550517933	22.089905919675612	21.623549766443954	0	0	0	NDUFS3	2	1.8647953544629279	greater	3398066.6666666665	NA	NA	NADH:ubiquinone oxidoreductase core subunit S3	MIM	OXPHOS > Complex I > CI subunits | OXPHOS > OXPHOS subunits
p_796	21.161095583824302	21.969302548133296	20.95673985393029	18.833251458312613	16.387024418036862	0	ERAL1	2.197721734897174	1.6130502971454612	greater	2644446.6666666665	3.752241390454561	TRUE	Era like 12S mitochondrial rRNA chaperone 1	Matrix	Mitochondrial central dogma > mtRNA metabolism > mtRNA granules | Mitochondrial central dogma > Translation > Mitochondrial ribosome assembly
p_804	23.91743336162294	25.225454036401846	25.054531164534737	22.400230339700503	21.247425164239985	17.70354539594324	CLPX	2.1912947328079504	1.5459305379649835	greater	27263616.627639752	4.282072554225266	TRUE	caseinolytic mitochondrial matrix peptidase chaperone subunit X	Matrix	Protein import, sorting and homeostasis > Protein homeostasis > Proteases
p_808	23.2565232910686	24.668173498753013	24.43319885095209	22.046602145302472	19.79715645619813	15.715479438717876	GLS	2.2728455857011625	1.5142894146331882	greater	18021053.910777006	4.932885866851741	TRUE	glutaminase	MIM	Metabolism > Amino acid metabolism > Glutamate metabolism
p_810	24.330534594426677	26.02064295524658	25.960911040100502	23.028741266213366	22.088515557434476	17.046559183532306	LETM1	2.1028391055412974	1.3622652745853614	greater	47123008.071955875	4.716090860864536	TRUE	leucine zipper and EF-hand containing transmembrane protein 1	MIM	Signaling > Calcium homeostasis > Calcium cycle
p_825	22.034361390724342	23.120096254344336	22.70263033024808	22.806444404329625	20.464634488218376	14.938155282898096	CYB5R3	3.3465675555219634	0.930060122075789	greater	3810652.653746349	3.215951266623552	FALSE	cytochrome b5 reductase 3	MOM	Metabolism > Detoxification > Xenobiotic metabolism | Metabolism > Detoxification > Amidoxime reducing complex | Metabolism > Lipid metabolism
p_827	20.72567329988774	21.10309631584899	20.894081316200655	20.557307566226065	17.321936900372215	0	GOT2	2.3746172464004545	1.339451693083572	greater	1409453.3333333335	1.9679947440133212	TRUE	glutamic-oxaloacetic transaminase 2	MIM	Metabolism > Carbohydrate metabolism > Malate-aspartate shuttle | Metabolism > Amino acid metabolism > Glutamate metabolism | Metabolism > Amino acid metabolism > Glyoxylate metabolism | Metabolism > Amino acid metabolism > Kynurenine metabolism | Metabolism > Sulfur metabolism
p_834	17.555929663825555	21.326686771655936	21.22435090740702	0	19.317697453609703	14.348797300150757	CAT	2.2974007395064224	1.0378428828217374	greater	1532828.6666666667	3.2024084040826075	FALSE	catalase	IMS	Metabolism > Detoxification > ROS and glutathione metabolism
p_838	22.631453520060116	22.616477276188863	22.851366465542366	22.362228787221202	20.373477995382025	16.994032949700298	OAT	2.208307957058151	1.3080519278695424	greater	4571570.016609818	2.7898525098292737	TRUE	ornithine aminotransferase	Matrix	Metabolism > Amino acid metabolism > Proline metabolism
p_847	25.840309460578748	26.936294674147376	26.222490564811633	24.36766383040498	22.90061791106543	20.189545891802943	SLC25A5	2.3573937693318325	1.5927741158232205	greater	78851357.22136872	3.847089022088138	TRUE	solute carrier family 25 member 5	MIM	Metabolism > Nucleotide metabolism > Nucleotide import | Signaling > Calcium homeostasis > Mitochondrial permeability transition pore | Small molecule transport > SLC25A family
p_848	27.96686256229623	29.731335866612024	29.90540941029198	29.04111196421573	28.005763568720077	24.443479381229597	PCCA	3.4718176709724964	1.0008327432963888	greater	438261004.854429	2.0377509750116083	FALSE	propionyl-CoA carboxylase subunit alpha	Matrix	Metabolism > Carbohydrate metabolism > Propanoate metabolism | Metabolism > Lipid metabolism > Fatty acid oxidation | Metabolism > Vitamin metabolism > Biotin utilizing proteins
p_863	21.573253774777594	24.00307392247984	24.38699449783052	23.219735300867384	21.909764565172033	18.383472272311327	PDHA1	2.9065580723878512	0.9255833733492512	greater	9277973.246109609	2.1501166855790714	FALSE	pyruvate dehydrogenase E1 subunit alpha 1	Matrix	Metabolism > Carbohydrate metabolism > Pyruvate metabolism
p_882	0	24.267066188649938	23.1057833721882	0	19.901451758525823	0	COX5B	2.012503031524665	0.9065106980064386	greater	9412153.333333334	3.7849730218932436	FALSE	cytochrome c oxidase subunit 5B	MIM	OXPHOS > Complex IV > CIV subunits | OXPHOS > OXPHOS subunits
p_885	26.753151254785763	27.12770345992768	26.855787260951598	27.28471540364608	26.389655248176425	23.23245386512323	HSPD1	2.1950720894891633	0.6366911025231742	greater	41380210.624952435	1.2766058195731027	FALSE	heat shock protein family D (Hsp60) member 1	Matrix	Protein import, sorting and homeostasis > Protein homeostasis > Chaperones
p_890	22.169683135343686	24.309317096435024	23.648998349273796	21.552671442522147	22.681103051520562	16.550386066531285	PDHB	2.6770063446896124	1.0890472210981674	greater	9613428.9030458685	3.114612673492836	FALSE	pyruvate dehydrogenase E1 subunit beta	Matrix	Metabolism > Carbohydrate metabolism > Pyruvate metabolism
p_891	23.93048623231865	25.73000799407408	24.681639108801722	21.088289416069383	20.097513943033267	0	DBT	2.011839516867954	1.2404253728479682	greater	31733866.666666668	4.187809432180156	FALSE	dihydrolipoamide branched chain transacylase E2	Matrix	Metabolism > Amino acid metabolism > Branched-chain amino acid metabolism | Metabolism > Amino acid metabolism > Branched-chain amino acid dehydrogenase complex
p_895	28.73476331334067	30.191311834191705	29.744275355869654	28.867617535946266	27.86413768163891	25.35248885393706	PC	3.3300469963819794	1.317167421978626	greater	610342700.6446925	2.195368810626597	TRUE	pyruvate carboxylase	Matrix	Metabolism > Carbohydrate metabolism > Gluconeogenesis | Metabolism > Carbohydrate metabolism > TCA-associated | Metabolism > Vitamin metabolism > Biotin utilizing proteins
p_901	23.45600854579706	23.897075922293464	24.161156568967545	20.221286198025176	0	0	SLC25A4	2.1503682670493762	2.0841407985839817	greater	14888866.666666668	3.6167941476608476	TRUE	solute carrier family 25 member 4	MIM	Metabolism > Nucleotide metabolism > Nucleotide import | Signaling > Calcium homeostasis > Mitochondrial permeability transition pore | Small molecule transport > SLC25A family
p_902	28.074033069406894	28.59615807543684	28.52275428268713	26.442989183206073	24.328823983383625	21.264935624630855	SLC25A6	3.638345251944342	2.7692592476449738	greater	320512029.5971548	4.385398878770108	TRUE	solute carrier family 25 member 6	MIM	Metabolism > Nucleotide metabolism > Nucleotide import | Signaling > Calcium homeostasis > Mitochondrial permeability transition pore | Small molecule transport > SLC25A family
p_908	19.340977971840214	21.323446796367595	20.877776147113345	17.576668864384448	15.494105548061054	0	ALAS1	2.042299426868368	1.299907988601998	greater	1657813	3.978679765550968	FALSE	5'-aminolevulinate synthase 1	Matrix	Metabolism > Metals and cofactors > Heme synthesis and processing
p_911	25.378354164544493	26.53210596325831	26.99711935104959	24.64157601769936	23.63533385883861	21.40810631357468	ETFA	2.2967727956256767	1.357531182885458	greater	78009382.82180879	3.074187762913251	TRUE	electron transfer flavoprotein subunit alpha	Matrix	Metabolism > Lipid metabolism > Fatty acid oxidation | Metabolism > Amino acid metabolism > Branched-chain amino acid metabolism | Metabolism > Amino acid metabolism > Lysine metabolism | Metabolism > Amino acid metabolism > Glycine metabolism | Metabolism > Vitamin metabolism > Choline and betaine metabolism | Metabolism > Electron carriers > Q-linked reactions, other
p_948	24.681371024626042	24.647187483306507	25.259040411238633	24.981722001515166	22.74359458131427	20.208483243305032	VDAC1	2.806431253970867	0.9717897594210579	greater	17393402.507491566	2.2179330310122367	FALSE	voltage dependent anion channel 1	MOM	Signaling > Calcium homeostasis > Mitochondrial permeability transition pore | Mitochondrial dynamics and surveillance > Organelle contact sites | Small molecule transport
p_953	21.517012368998397	21.10162244576714	22.87648341029014	21.659620112635675	21.29787735332819	18.056325478395447	PAICS	3.1199316071496535	0.7936858673019295	greater	2291325.235313642	1.4937650935654538	FALSE	phosphoribosylaminoimidazole carboxylase and phosphoribosylaminoimidazolesuccinocarboxamide synthase	Matrix	Metabolism > Nucleotide metabolism > Nucleotide synthesis and processing
p_955	21.414623821700346	21.67189216468688	22.551216570992263	21.967474304874454	17.704086007044513	0	FDXR	3.773601996064062	1.010570463987366	greater	2656056.6666666665	2.0434640298336824	FALSE	ferredoxin reductase	Matrix	Metabolism > Lipid metabolism > Cholesterol, bile acid, steroid synthesis | Metabolism > Metals and cofactors > Heme synthesis and processing | Metabolism > Metals and cofactors > Fe-S cluster biosynthesis | Metabolism > Vitamin metabolism > Vitamin D metabolism
p_963	21.873651749938762	21.981408756563397	22.20606909426401	21.68457442554252	18.038056259973835	18.618023377757616	DTYMK	2.32583087747627	1.33191393457372	greater	2959529.2313188016	2.5734918458307305	TRUE	deoxythymidylate kinase	Matrix	Metabolism > Nucleotide metabolism > Nucleotide synthesis and processing
p_987	20.786761774792804	21.73405174399987	23.146874563955954	28.3031274362921	28.13462286892476	15.381948449395216	LAP3	2.001867941749952	1.0192793249711665	less	-203779560.77798617	-2.0506702239544765	FALSE	leucine aminopeptidase 3	Matrix	Protein import, sorting and homeostasis > Protein homeostasis > Proteases
p_989	0	21.995451463325498	22.44473107076855	18.8122180512447	19.325623873372717	13.533816389433365	ALDH4A1	2.050069191689405	0.9430385524966867	greater	2920200.3333333335	4.996205162363427	FALSE	aldehyde dehydrogenase 4 family member A1	Matrix	Metabolism > Amino acid metabolism > Proline metabolism | Metabolism > Amino acid metabolism > Glyoxylate metabolism
p_990	24.753686895053768	24.95282623430948	25.4850212657916	25.673547850710396	23.61054198981849	20.193762360443838	PRDX6	2.484945042477404	0.611060433463547	greater	13789570.156757422	1.9045607313940423	FALSE	peroxiredoxin 6	unknown	Metabolism > Lipid metabolism > Phospholipid metabolism | Metabolism > Detoxification > ROS and glutathione metabolism
p_991	23.88623028320915	23.050543020850405	23.8315176521574	24.159001684378822	22.51528043287556	20.486109289436715	PRDX5	2.6680560020782353	0.6031146208118755	greater	4443130.181995966	1.2026331831752906	FALSE	peroxiredoxin 5	Matrix	Metabolism > Detoxification > ROS and glutathione metabolism
p_992	23.015394803821497	24.105255778226898	24.006587780109204	22.18413591409786	20.538201249057263	15.680277100281714	PRDX3	2.8301430197335513	1.72970821771996	greater	12361537.736261891	4.241541366240256	TRUE	peroxiredoxin 3	Matrix	Metabolism > Detoxification > ROS and glutathione metabolism
p_994	21.693407407929755	23.445690955770154	23.677451365761836	20.468219317894423	21.298660575107167	0	ECHS1	2.236622535699667	1.252758382227398	greater	8067399.999999999	2.0554099633197858	FALSE	enoyl-CoA hydratase, short chain 1	Matrix	Metabolism > Lipid metabolism > Fatty acid oxidation | Metabolism > Amino acid metabolism > Branched-chain amino acid metabolism | Metabolism > Amino acid metabolism > Lysine metabolism
p_999	21.954220809384868	22.376765816614974	22.895653120080038	22.805441009469273	20.63183160199222	14.40786522222488	ALDH1B1	2.9139165966435856	0.7634161464457213	greater	2781999.551226427	3.12716730413117	FALSE	aldehyde dehydrogenase 1 family member B1	Matrix	Metabolism > Detoxification > Xenobiotic metabolism
p_1000	23.81225419252793	24.378817204059114	24.49216131746248	21.891376182198243	20.68303314745119	17.961444041902165	SDHA	2.5978906767022587	2.2008187535923875	greater	18107138.554330178	4.049126447499312	TRUE	succinate dehydrogenase complex flavoprotein subunit A	MIM	OXPHOS > Complex II > CII subunits | Metabolism > Carbohydrate metabolism > TCA cycle | OXPHOS > OXPHOS subunits
p_1011	22.355200789937147	23.584858046143243	24.738202015014917	23.517612805905262	22.07727895345455	19.82786522180889	PRDX2	3.0131274182692156	0.8485916848607434	greater	9798291.476094902	1.7518346233088664	FALSE	peroxiredoxin 2	unknown	Metabolism > Detoxification > ROS and glutathione metabolism
p_1012	24.133045685708172	24.855003074676222	25.401389473116076	20.405304576669117	19.691356748848058	15.727468478264292	PYCR1	2.0113261191670744	1.5548483250879888	greater	30269565.459112536	6.18843614323967	TRUE	pyrroline-5-carboxylate reductase 1	Matrix	Metabolism > Amino acid metabolism > Proline metabolism
p_1014	22.605939049626496	23.203054157254222	22.32786536003524	21.797685666605275	19.266093368989036	17.507895271108715	DUT	3.881242635745201	1.7984200071615533	greater	5643018.508847997	3.1883947534043102	TRUE	deoxyuridine triphosphatase	Matrix	Metabolism > Nucleotide metabolism > Nucleotide synthesis and processing
p_1017	26.451377793684923	26.954380231334046	27.075002816313408	24.41680222988337	22.38479665863918	18.89853348788441	SHMT2	2.76209011382535	2.37544309812157	greater	111679316.7836664	4.92687615497514	TRUE	serine hydroxymethyltransferase 2	Matrix	Metabolism > Amino acid metabolism > Serine metabolism | Metabolism > Amino acid metabolism > Glycine metabolism | Metabolism > Vitamin metabolism > Folate and 1-C metabolism
p_1034	23.389819449222234	24.906097927695303	27.90368679345381	29.51340937178025	28.11470767263238	23.95695187939796	DLST	2.486654373558612	0.7458828479596252	less	-260180653.03791818	-1.7951549178130826	FALSE	dihydrolipoamide S-succinyltransferase	Matrix	Metabolism > Carbohydrate metabolism > TCA cycle | Metabolism > Amino acid metabolism > Lysine metabolism
p_1036	24.974913117951193	25.50736497490097	25.70044101462511	25.281995129691673	23.774748560103575	20.250493889915468	ETFB	3.0706264790784896	1.153379758552463	greater	26492919.061269395	2.2918271759221867	FALSE	electron transfer flavoprotein subunit beta	Matrix	Metabolism > Lipid metabolism > Fatty acid oxidation | Metabolism > Amino acid metabolism > Branched-chain amino acid metabolism | Metabolism > Amino acid metabolism > Lysine metabolism | Metabolism > Amino acid metabolism > Glycine metabolism | Metabolism > Vitamin metabolism > Choline and betaine metabolism | Metabolism > Electron carriers > Q-linked reactions, other
p_1045	25.23837765920664	25.568715104565733	25.486249535674176	24.022083383897503	21.788594482755197	16.799193069550636	MDH2	3.237767109810978	2.5210617207211525	greater	38540036.89690862	4.56115712108107	TRUE	malate dehydrogenase 2	Matrix	Metabolism > Carbohydrate metabolism > Gluconeogenesis | Metabolism > Carbohydrate metabolism > Malate-aspartate shuttle | Metabolism > Carbohydrate metabolism > TCA cycle
p_1057	25.712141169832346	26.10936681613146	26.144740869925318	25.589722943076612	23.33306265055015	18.830932936836625	LRPPRC	2.6258195082102005	1.4142985288073813	greater	46714015.72745162	3.404176775141913	TRUE	leucine rich pentatricopeptide repeat containing	Matrix	Mitochondrial central dogma > mtRNA metabolism > mtRNA stability and decay | Mitochondrial central dogma > Translation
p_1061	0	23.415835750851777	23.22355529233813	19.899299386285588	21.252458127149648	0	TSFM	2.170155558494863	0.9276964688107322	greater	5836506.666666667	2.7438167648773337	FALSE	Ts translation elongation factor, mitochondrial	Matrix	Mitochondrial central dogma > Translation > Translation factors
p_1062	20.974073532858366	21.70303205027179	20.606391657003478	20.664489819479726	19.062185832995173	15.355385511449466	ACADSB	3.9420290572118963	1.3359148053406469	greater	1611902.8649507961	2.7338120254030898	TRUE	acyl-CoA dehydrogenase short/branched chain	Matrix	Metabolism > Lipid metabolism > Fatty acid oxidation | Metabolism > Amino acid metabolism > Branched-chain amino acid metabolism
p_1078	23.657200783517983	24.097802044730546	24.509843188056813	24.391918040167127	22.30131449136513	18.951685977027225	IDH2	2.8373853042544996	0.8246832984100108	greater	9203896.315271158	2.2066425025819534	FALSE	isocitrate dehydrogenase (NADP(+)) 2	Matrix	Metabolism > Carbohydrate metabolism > TCA cycle
p_1082	22.72961929152446	22.868084209712148	23.662425972715624	23.344079276063738	22.151093672183617	19.67150478603572	FASN	3.4790068996902273	0.7851254662632225	greater	4106276.0957891736	1.3644839132230544	FALSE	fatty acid synthase	IMS	Metabolism > Lipid metabolism
p_1084	27.19975965790302	27.92563910272411	27.531853199656915	22.532005089121636	19.711191387049457	17.163109114403866	MRPL19	2.0165243706617044	1.9849749707743494	greater	198724128.0629727	7.750315456569695	TRUE	mitochondrial ribosomal protein L19	Matrix	Mitochondrial central dogma > Translation > Mitochondrial ribosome
p_1085	25.086184221153456	26.085698090372375	26.381311523907492	25.747733072306946	24.379676679128508	20.73454838353675	TUFM	3.9859454456558776	1.0973582746942785	greater	38479481.482222654	2.230411900153708	FALSE	Tu translation elongation factor, mitochondrial	Matrix	Mitochondrial central dogma > Translation > Translation factors
p_1089	21.43634199368417	22.377295537486	22.123384174802148	20.189907786658615	19.237319678949305	15.792866533921346	ACADVL	2.778189256572102	1.8889216452598412	greater	3679831.3966131494	3.572309235481015	TRUE	acyl-CoA dehydrogenase very long chain	MIM	Metabolism > Lipid metabolism > Fatty acid oxidation
p_1093	20.419158846597696	22.660142389550245	23.707567352660387	20.82756987533479	19.610363444146905	17.663036845371852	HINT1	2.0820090141560006	0.9661607714461775	greater	6320646.150958848	2.895299474651594	FALSE	histidine triad nucleotide binding protein 1	unknown	Metabolism > Nucleotide metabolism > Nucleotide synthesis and processing
p_1113	21.06091819602245	25.428446340178596	20.978200015669085	18.703440629111103	19.40403762462174	18.010019917451288	ACLY	2.000464564292186	0.7216443630642657	greater	16043807.723459834	3.783355460228666	FALSE	ATP citrate lyase	Matrix	Metabolism > Carbohydrate metabolism > TCA-associated
p_1115	21.288276385592145	21.017061891331583	21.83213632814739	21.000377624475504	17.89380514414656	16.622151939567317	SUCLG1	3.675577998427999	1.4319199348089187	greater	2009713.3683787666	2.8737132989605776	TRUE	succinate-CoA ligase GDP/ADP-forming subunit alpha	Matrix	Metabolism > Carbohydrate metabolism > TCA cycle | Metabolism > Carbohydrate metabolism > Itaconate metabolism | Metabolism > Nucleotide metabolism > Nucleotide synthesis and processing
p_1123	24.523846252752907	24.70593401051523	25.423293452457525	24.517372456866646	22.936142049566325	18.784241838584165	ALDH18A1	3.977259792988335	1.3531782223547628	greater	21398883.921935357	2.8051057902361762	TRUE	aldehyde dehydrogenase 18 family member A1	Matrix	Metabolism > Amino acid metabolism > Proline metabolism
p_1126	21.957696158375178	23.473950574086572	23.083313920311937	23.163400459277636	21.47684556376597	16.385643365008765	HADHB	3.812878273003352	0.8018798933476576	greater	4095943.7829247587	2.4963570882404404	FALSE	hydroxyacyl-CoA dehydrogenase trifunctional multienzyme complex subunit beta	MIM	Metabolism > Carbohydrate metabolism > Ketone metabolism | Metabolism > Lipid metabolism > Fatty acid oxidation | Metabolism > Amino acid metabolism > Lysine metabolism
p_1204	20.281840625255178	20.067498697823265	21.265221856496648	20.618630153747663	0	0	MRPS35	3.8746236445334445	1.01205224306286	greater	1094666.6666666665	-0.0804430938893006	FALSE	mitochondrial ribosomal protein S35	Matrix	Mitochondrial central dogma > Translation > Mitochondrial ribosome
p_1205	19.940487097864963	19.76563412867879	21.027358669005416	19.790012744443818	17.91631685345565	15.81029548001625	MRPS5	3.4803861086560004	1.1954526149183953	greater	951693.255972204	2.405618272544487	FALSE	mitochondrial ribosomal protein S5	Matrix	Mitochondrial central dogma > Translation > Mitochondrial ribosome
p_1206	22.40738006581121	24.99632215357314	24.626170278393563	29.32917903567347	28.68261044632736	24.391852503338562	MRPS36	2.0083864706837815	0.9927977416134018	less	-354532914.66419846	-3.457923162520494	FALSE	mitochondrial ribosomal protein S36	Matrix	Mitochondrial central dogma > Translation > Mitochondrial ribosome | Metabolism > Carbohydrate metabolism > TCA cycle
p_1208	0	24.060521872168742	23.47333131197592	0	12.725515376965022	0	MRPS15	2.0000007707495486	1.0009992809848902	greater	9711742.766666668	11.041411215107308	FALSE	mitochondrial ribosomal protein S15	Matrix	Mitochondrial central dogma > Translation > Mitochondrial ribosome
p_1209	22.98825630783535	23.467372831986182	23.712403676023843	21.775633185959034	17.92289213182654	0	MRPS9	3.6700521920521707	2.353053333543411	greater	9941633.333333334	3.5400816130556727	TRUE	mitochondrial ribosomal protein S9	Matrix	Mitochondrial central dogma > mtRNA metabolism > mtRNA granules | Mitochondrial central dogma > Translation > Mitochondrial ribosome
p_1212	19.27027479201516	22.875977461278342	23.315342109498257	20.850489799389194	17.235855304266217	0	TFAM	2.171930064322341	1.0166216141340956	greater	5574286.666666667	2.7773589024362124	FALSE	transcription factor A, mitochondrial	Matrix	Mitochondrial central dogma > mtDNA maintenance > mtDNA replication | Mitochondrial central dogma > mtDNA maintenance > mtDNA nucleoid | Mitochondrial central dogma > mtRNA metabolism > Transcription
p_1225	20.518742468528732	22.380760408218695	20.6698616975748	20.708683984815096	20.297038274945884	15.351594928499264	ALDH6A1	2.594949933657112	0.8472312999135687	greater	1865363.7171633146	2.4040157953539953	FALSE	aldehyde dehydrogenase 6 family member A1	MIM	Metabolism > Amino acid metabolism > Branched-chain amino acid metabolism
p_1233	23.07481519661564	25.006544936894137	24.057302398777345	22.267052111068303	20.268652787730012	15.79011936620274	SSBP1	2.1710736015253453	1.1926596388631525	greater	17886053.0591607	4.604279422428693	FALSE	single stranded DNA binding protein 1	Matrix	Mitochondrial central dogma > mtDNA maintenance > mtDNA replication | Mitochondrial central dogma > mtDNA maintenance > mtDNA nucleoid
p_1238	22.94861765001139	25.837497071558268	24.698587732041293	22.24525006664913	21.7814881882251	18.249664397438014	C1QBP	2.034919685483034	1.008157607349593	greater	28831661.19874498	3.736099933766237	FALSE	complement C1q binding protein	Matrix	Signaling > Immune response
p_1244	21.294067073229424	21.429155899910974	21.665183656213994	21.750623988184397	19.507037748261375	15.061666519978361	NSUN2	2.170299197664608	0.8238774762436676	greater	1481810.0685740516	2.6896927909767534	FALSE	NOP2/Sun RNA methyltransferase 2	Matrix	Mitochondrial central dogma > mtRNA metabolism > mt-tRNA modifications
p_1249	20.53971638575726	20.973933445045425	21.090100140366324	19.101855161005986	0	0	PMPCA	3.9363309507474296	2.7331945434039726	greater	1751186.6666666665	1.7660614960503516	TRUE	peptidase, mitochondrial processing subunit alpha	Matrix	Protein import, sorting and homeostasis > Protein import and sorting > Preprotein cleavage | Protein import, sorting and homeostasis > Protein homeostasis > Proteases
p_1255	22.62656038563752	24.1085296411734	24.24901743543434	23.307581196015096	21.825824081205734	14.002727129460343	TRAP1	3.6361036378596885	1.1875624545654913	greater	10133073.077656876	3.949325018521364	FALSE	TNF receptor associated protein 1	Matrix	Protein import, sorting and homeostasis > Protein homeostasis > Chaperones
p_1257	25.737763742606624	26.272807183419175	26.278348230278176	26.74804029371244	24.746529133593786	22.08268084822079	ACACA	2.2497314616650352	0.5762497635871887	greater	25553132.354205117	1.5705562935923219	FALSE	acetyl-CoA carboxylase alpha	Matrix	Metabolism > Lipid metabolism > Type II fatty acid synthesis | Metabolism > Vitamin metabolism > Biotin utilizing proteins
p_1264	22.6216058877057	23.780266715704826	23.2261453566984	0	19.057566087779396	17.90077838172218	NNT	2.0187395745383103	1.6107951273718004	greater	9960716.666666666	4.730167085285519	TRUE	nicotinamide nucleotide transhydrogenase	MIM	Metabolism > Metals and cofactors > NAD biosynthesis and metabolism
p_1276	20.953404307098445	21.262242265623804	22.110538427841686	20.989539330898438	20.504653170257658	0	IDI1	3.8340867715917004	1.158780606439308	greater	1834766.6666666665	0.6949654162765988	FALSE	isopentenyl-diphosphate delta isomerase 1	Matrix	Metabolism > Lipid metabolism > Cholesterol-associated
p_1308	19.532354022678714	22.309192384572068	22.84594193262813	0	16.73292260732611	15.015937673309226	PDK3	2.0010513745146317	1.111922029478919	greater	4450673	5.688065972975302	FALSE	pyruvate dehydrogenase kinase 3	Matrix	Metabolism > Carbohydrate metabolism > Pyruvate metabolism
p_1326	23.257386835525928	23.527788267603782	24.08294042676524	22.58836260088106	21.088612926418058	17.438523855919225	DECR1	3.7783242546871514	1.8802323980622142	greater	10401362.914616559	3.2508720488922016	TRUE	2,4-dienoyl-CoA reductase 1	Matrix	Metabolism > Lipid metabolism > Fatty acid oxidation
p_1328	22.13329682984173	22.1221837455676	22.445539543781035	21.876652207872212	17.719609411915034	0	NDUFA9	2.360528104804386	1.3392667806061123	greater	3603586.666666667	2.4355425631698324	TRUE	NADH:ubiquinone oxidoreductase subunit A9	MIM	OXPHOS > Complex I > CI subunits | OXPHOS > OXPHOS subunits
p_1329	21.84280033271682	22.308831443644266	22.974668229267323	19.335013004164953	19.465612237579446	0	PCK2	2.1227776124738043	1.5720468760918391	greater	5271360	2.975120714337269	TRUE	phosphoenolpyruvate carboxykinase 2, mitochondrial	Matrix	Metabolism > Carbohydrate metabolism > Gluconeogenesis | Metabolism > Carbohydrate metabolism > TCA-associated
p_1335	20.636264390320548	24.802081299359948	22.852014516509254	24.422908680345476	23.612455602534702	19.147758929066548	TRMT5	3.72799232755612	0.3289100434853302	greater	878487.3400048446	0.36907899808100453	FALSE	tRNA methyltransferase 5	Matrix	Mitochondrial central dogma > mtRNA metabolism > mt-tRNA modifications
p_1338	20.2107438666838	21.811705903452594	22.110060455847307	0	18.927410506670135	0	TIMM50	2.111737692571993	1.337038558350724	greater	2974280	2.450092901991095	TRUE	translocase of inner mitochondrial membrane 50	MIM	Protein import, sorting and homeostasis > Protein import and sorting > TIM23 presequence pathway
p_1344	22.35659838548872	21.74554508181525	22.42416551977757	18.139466417303318	15.156833626140006	0	FASTKD1	2.0744683201423872	2.0523681815168464	greater	4729706.666666666	5.52728630730552	TRUE	FAST kinase domains 1	Matrix	Mitochondrial central dogma > mtRNA metabolism > mtRNA granules | Mitochondrial central dogma > mtRNA metabolism > Polycistronic mtRNA processing | Mitochondrial central dogma > mtRNA metabolism > mtRNA stability and decay
p_1366	21.248815322418764	18.88184585571473	21.211753458487294	22.265936901747768	17.89753233716741	0	MRPS2	2.6286621661295486	0.3079954973500214	greater	38730	0.3657369260826755	FALSE	mitochondrial ribosomal protein S2	Matrix	Mitochondrial central dogma > Translation > Mitochondrial ribosome
p_1371	19.762863752081923	20.560483044923476	19.92928875346594	19.614197595871094	16.74597625427535	0	ANGEL2	3.832888116892157	1.504745330006101	greater	840673.3333333333	1.9041249250838916	TRUE	angel homolog 2	Matrix	Mitochondrial central dogma > mtRNA metabolism > mt-mRNA modifications
p_1373	21.582103841169072	22.688506660164467	21.4868944191929	22.262643436296905	19.485658346378468	0	LYPLAL1	3.7988120022021628	0.8135500818945705	greater	2357393.3333333335	1.0450174155044571	FALSE	lysophospholipase like 1	unknown	Metabolism > Lipid metabolism
p_1380	19.872661354941197	22.058079279599664	22.056161725562614	21.10789198032513	19.645547617218835	0	HIBCH	3.216056421679649	1.0318339605431532	greater	2202410	0.9522476545958405	FALSE	3-hydroxyisobutyryl-CoA hydrolase	Matrix	Metabolism > Amino acid metabolism > Branched-chain amino acid metabolism
p_1383	20.922306373988906	19.543705886392033	21.20377156134486	20.557868452945787	18.563207446385302	0	DARS2	3.9833415116789164	1.028846631546817	greater	1078610	0.9960566575763856	FALSE	aspartyl-tRNA synthetase 2, mitochondrial	Matrix	Mitochondrial central dogma > Translation > mt-tRNA synthetases
p_1387	21.21614251750212	21.847510457616927	22.11407050751363	19.16511554392521	0	0	SLC30A9	2.4024515817864494	1.9403003394551712	greater	3387080	2.560792283619012	TRUE	solute carrier family 30 member 9	MIM	Small molecule transport
p_1390	21.323061909217138	23.020405729013714	23.41364251872789	0	17.594492274818293	0	HSDL2	2.0027283944469962	1.3008142632617696	greater	7369230	4.991211110834616	FALSE	hydroxysteroid dehydrogenase like 2	Matrix	0
p_1394	22.838440121232463	23.01753719309106	23.114928197264074	23.146470634863974	21.70763085553652	17.760271634130643	SND1	2.1200555830641648	0.8775457188549087	greater	4064475.532003158	2.1188441290188216	FALSE	staphylococcal nuclease and tudor domain containing 1	unknown	0
p_1395	25.170279051164282	26.48290002399798	26.243126195343727	23.49118286568731	20.92781340066757	16.63369059840478	TRMT10C	2.1867289406036536	1.5698056166815562	greater	65714287.62848045	5.614539468582109	TRUE	tRNA methyltransferase 10C, mitochondrial RNase P subunit	Matrix	Mitochondrial central dogma > mtRNA metabolism > mtRNA granules | Mitochondrial central dogma > mtRNA metabolism > Polycistronic mtRNA processing | Mitochondrial central dogma > mtRNA metabolism > mt-tRNA modifications
p_1397	21.86842356754818	20.406550695513555	20.89829507621977	20.638829180607566	15.636143113227087	14.545990081162602	FASTKD5	3.6466583204668197	1.2143941147535076	greater	1826416.1452925813	4.117435654761415	FALSE	FAST kinase domains 5	Matrix	Mitochondrial central dogma > mtRNA metabolism > mtRNA granules | Mitochondrial central dogma > mtRNA metabolism > Polycistronic mtRNA processing | Mitochondrial central dogma > mtRNA metabolism > mtRNA stability and decay
p_1406	19.936898127395487	23.661773858074927	23.74088021015802	0	21.6587488676033	0	GLRX5	2.2723801993059762	1.043518396833794	greater	8327633.333333334	0.7877685309395126	FALSE	glutaredoxin 5	Matrix	Metabolism > Metals and cofactors > Fe-S cluster biosynthesis | Metabolism > Metals and cofactors > Fe-S-containing proteins
p_1424	26.45766870479208	28.078213614877054	27.784004451102252	24.436252578727544	23.2878534017326	18.46483686993894	NDUFAF2	2.0514258995719756	1.4149272965994577	greater	191128318.35089087	5.376981306790768	TRUE	NADH:ubiquinone oxidoreductase complex assembly factor 2	MIM	OXPHOS > Complex I > CI assembly factors | OXPHOS > OXPHOS assembly factors
p_1427	19.650026207527333	21.05470565851368	21.587836561826208	19.374859066218217	15.3059904645738	0	GUF1	2.42032661718274	1.2840262580562631	greater	1810850.3333333333	3.423764710559734	FALSE	GUF1 homolog, GTPase	Matrix	Mitochondrial central dogma > Translation
p_1439	22.35358649551803	22.69296044497369	21.259716257953453	22.436799213399567	18.627209680536534	0	PNPT1	3.542332485790812	0.8608185083591553	greater	2856066.6666666665	1.5700832858470086	FALSE	polyribonucleotide nucleotidyltransferase 1	Matrix|IMS	Mitochondrial central dogma > mtRNA metabolism > mtRNA stability and decay
p_1446	23.298939774768726	24.32264893483966	24.724423973731938	21.972882002144733	21.012226914794553	19.901643252508492	PTPMT1	2.17098759677683	1.4591759914409104	greater	17433080.43397088	3.1530868379641817	TRUE	protein tyrosine phosphatase mitochondrial 1	MIM	Metabolism > Lipid metabolism > Cardiolipin synthesis | Metabolism > Lipid metabolism > Phospholipid metabolism
p_1462	23.626337464212952	25.214341986784262	24.725828512206206	20.987944695371016	19.380239093629662	15.552368905032926	MRPS31	2.025983272616166	1.4225798598778192	greater	25613431.682517216	5.881985089723269	TRUE	mitochondrial ribosomal protein S31	Matrix	Mitochondrial central dogma > Translation > Mitochondrial ribosome
p_1469	20.437358913287863	21.04440279142727	20.932578823400124	21.10014706842655	19.573282903015556	13.74420315113283	TBRG4	2.4653147223821907	0.7886756486321411	greater	849210.0375130002	2.6655691351801103	FALSE	transforming growth factor beta regulator 4	Matrix	Mitochondrial central dogma > mtRNA metabolism > Polycistronic mtRNA processing | Mitochondrial central dogma > mtRNA metabolism > mtRNA stability and decay
p_1470	22.658814011367348	24.435426165490064	22.855117312427957	20.89148780768249	19.506301769269243	15.96983616916917	MRPL24	2.0461100482944663	1.101035707170158	greater	11392092.547173243	4.527243914388155	FALSE	mitochondrial ribosomal protein L24	Matrix	Mitochondrial central dogma > Translation > Mitochondrial ribosome
p_1474	19.826655545928055	22.13207323664566	21.82981601243653	0	0	0	PYCR2	2	1.2670424064984462	greater	3084620	NA	FALSE	pyrroline-5-carboxylate reductase 2	Matrix	Metabolism > Amino acid metabolism > Proline metabolism
p_1478	22.26765225151884	23.24235960709471	23.086621702095492	19.812952843999767	17.157790997903515	0	MTERF3	2.1480256847823016	1.7934151977833894	greater	7604270	4.380172599284709	TRUE	mitochondrial transcription termination factor 3	Matrix	Mitochondrial central dogma > Translation > Mitochondrial ribosome assembly
p_1479	26.12996451656376	27.10579520906852	26.982723130081098	23.27781648526486	20.966911654007223	18.638248522299083	MRPS24	2.0763920459546332	1.7711283255696229	greater	112647409.72833167	5.778502064714072	TRUE	mitochondrial ribosomal protein S24	Matrix	Mitochondrial central dogma > Translation > Mitochondrial ribosome
p_1480	21.413849470050252	23.35070304505502	22.257847325143057	20.808371128955468	17.463723917810025	14.519329106934814	DNAJA3	2.242022447288492	1.1611270706123824	greater	5488603.078086756	4.743658562182674	FALSE	DnaJ heat shock protein family (Hsp40) member A3	Matrix	Protein import, sorting and homeostasis > Protein homeostasis > Chaperones
p_1481	21.35288667591799	20.814251524546076	22.138243359729803	21.113943693288338	16.371759631324394	0	PTCD3	3.960411049829151	1.2543129546305571	greater	2261300.6666666665	2.6922755244249252	FALSE	pentatricopeptide repeat domain 3	Matrix	Mitochondrial central dogma > Translation > Mitochondrial ribosome | Mitochondrial central dogma > Translation > Mitochondrial ribosome assembly
p_1482	21.90994763663662	22.709419792594204	24.466252809859327	25.41876550812262	21.177734008001092	17.996622437718052	MMAB	2.659234030142828	0.3999613809872258	less	-4482491.371849295	1.4974994284161234	FALSE	metabolism of cobalamin associated B	Matrix	Metabolism > Vitamin metabolism > Vitamin B12 metabolism
p_1487	20.434409345713156	22.265049837954326	21.73363809184025	20.977012239065328	19.7615820716951	0	PGAM5	3.174027951068301	1.1421720357526743	greater	2330516.666666667	1.1084019364556994	FALSE	PGAM family member 5, mitochondrial serine/threonine protein phosphatase	MOM	Mitochondrial dynamics and surveillance > Mitophagy | Mitochondrial dynamics and surveillance > Autophagy
p_1490	19.62770664472517	21.11464278091942	21.512534564278155	19.711208194898983	17.7569536864983	0	NARS2	2.626720290921191	1.26968392192705	greater	1664176.6666666667	2.017547055942277	FALSE	asparaginyl-tRNA synthetase 2, mitochondrial	Matrix	Mitochondrial central dogma > Translation > mt-tRNA synthetases
p_1491	23.045402564937984	23.64306358610365	24.016058179299918	22.69585123457044	21.490816119333015	18.312435410813006	SUCLG2	3.7818092003590147	1.72285575971398	greater	9552102.778159194	2.7351405218750315	TRUE	succinate-CoA ligase GDP-forming subunit beta	Matrix	Metabolism > Carbohydrate metabolism > TCA cycle | Metabolism > Carbohydrate metabolism > Itaconate metabolism | Metabolism > Nucleotide metabolism > Nucleotide synthesis and processing
p_1502	22.573808266208587	23.177216495063714	23.362255412365943	23.165134716791098	21.007512558077533	15.912561924038823	GFM1	2.856886700157413	0.9674555399899528	greater	4993027.508612749	3.0093569915769294	FALSE	G elongation factor mitochondrial 1	Matrix	Mitochondrial central dogma > Translation > Translation factors
p_1503	28.0872469818173	29.001447928717283	28.868500908790242	28.673035559096103	27.280385238588927	24.676267937343834	MCCC1	3.3756701461096092	1.0240054133288814	greater	237885872.0073911	1.7758356947653198	FALSE	methylcrotonoyl-CoA carboxylase 1	Matrix	Metabolism > Amino acid metabolism > Branched-chain amino acid metabolism | Metabolism > Vitamin metabolism > Biotin utilizing proteins
p_1509	24.617676910289568	25.709330203813025	25.278419149075518	23.658835688991054	21.559642690260784	16.9512960998261	PHB2	2.8603236060349126	1.7479087395300381	greater	34985103.97697141	4.47855059470006	TRUE	prohibitin 2	MIM	Protein import, sorting and homeostasis > Protein homeostasis > Chaperones
p_1511	25.519323617306704	25.67322433417722	26.042704260429694	25.508302349473215	24.59815481089902	21.09068167657631	HSD17B10	2.8672119189661633	1.2157416082987427	greater	31867905.76014525	2.012704458321693	FALSE	hydroxysteroid 17-beta dehydrogenase 10	Matrix	Mitochondrial central dogma > mtRNA metabolism > mtRNA granules | Mitochondrial central dogma > mtRNA metabolism > Polycistronic mtRNA processing | Mitochondrial central dogma > mtRNA metabolism > mt-tRNA modifications | Metabolism > Lipid metabolism > Fatty acid oxidation | Metabolism > Lipid metabolism > Cholesterol, bile acid, steroid synthesis | Metabolism > Amino acid metabolism > Branched-chain amino acid metabolism
p_1516	22.008504193609344	22.438449995816743	23.709987540932286	22.562347015000213	21.02018578356334	17.514999076586854	NIPSNAP1	3.2766812802845955	0.9356296979476717	greater	5044883.895444792	2.3531366184026545	FALSE	nipsnap homolog 1	Matrix	Mitochondrial dynamics and surveillance > Mitophagy | Mitochondrial dynamics and surveillance > Autophagy
p_1520	19.474294149891428	19.9284359652419	21.025602580141484	20.661709391402535	18.23407363038878	0	MGME1	3.893142995217536	0.7000153542637662	greater	631256.6666666666	0.6948860541959441	FALSE	mitochondrial genome maintenance exonuclease 1	Matrix	Mitochondrial central dogma > mtDNA maintenance > mtDNA replication | Mitochondrial central dogma > mtDNA maintenance > mtDNA stability and decay
p_1525	23.275829106363055	24.636274625375158	24.69381111917609	21.925533071069882	20.643240553169576	16.691266430712055	TACO1	2.1747829835402404	1.4746003559908023	greater	19241701.02774886	4.448624931987599	TRUE	translational activator of cytochrome c oxidase I	Matrix	Mitochondrial central dogma > Translation > Translation factors | OXPHOS > Complex IV > CIV assembly factors | OXPHOS > OXPHOS assembly factors
p_1538	19.006487710755106	21.2711626403444	18.684217838247324	0	16.092344222676417	0	TIMM21	2.0046061395531924	0.9216699437496576	greater	1136267.6666666667	3.5616118404391948	FALSE	translocase of inner mitochondrial membrane 21	MIM	Mitochondrial central dogma > Translation > Translation factors | Protein import, sorting and homeostasis > Protein import and sorting > TIM23 presequence pathway | OXPHOS > Complex IV > CIV assembly factors | OXPHOS > OXPHOS assembly factors
p_1539	19.884172009987957	20.102520404126288	20.35056911380892	18.68476573917639	17.02421984530844	16.349039284774857	TARS2	3.95863635917402	2.685251337182527	greater	950624.5526413295	2.7597455528878214	TRUE	threonyl-tRNA synthetase 2, mitochondrial	Matrix	Mitochondrial central dogma > Translation > mt-tRNA synthetases
p_1542	20.558242256317843	22.627117260164116	23.229112324427973	19.167445098102817	18.0367155948107	16.718011035536037	HINT2	2.0186853703451835	1.147313706757999	greater	5658767.152924917	4.16410003748679	FALSE	histidine triad nucleotide binding protein 2	Matrix	Metabolism > Lipid metabolism > Cholesterol, bile acid, steroid synthesis
p_1556	21.556278239383797	21.330685509782988	20.967052425275035	21.027426168215474	0	0	QRSL1	2.685081693291718	1.286588949815816	greater	1877866.6666666667	0.25724588993179864	FALSE	glutaminyl-tRNA amidotransferase subunit QRSL1	Matrix	Mitochondrial central dogma > Translation > mt-tRNA synthetases
p_1559	21.662839152139	23.426880113358777	23.7532788863882	21.447836418046563	20.627028842844908	16.108381519652173	PPA2	2.2514437590984904	1.212014103386348	greater	8069061.674558053	3.5532504571141104	FALSE	inorganic pyrophosphatase 2	Matrix	Mitochondrial central dogma > mtDNA maintenance | Mitochondrial central dogma > mtRNA metabolism | Mitochondrial central dogma > Translation | Metabolism > Nucleotide metabolism
p_1561	23.266708918592705	24.004789068559674	24.033302760961277	22.433237253525387	19.62312238692122	16.198560145507386	MRPL46	3.7459096491453265	2.143338700956744	greater	12536096.729019694	4.349960320719887	TRUE	mitochondrial ribosomal protein L46	Matrix	Mitochondrial central dogma > Translation > Mitochondrial ribosome
p_1568	23.310773767938795	23.436316192922234	23.35312864886855	22.240220971582374	21.180528986298253	17.490059571125958	ACAD9	2.161296127552341	1.9398981321847035	greater	8326925.075414088	3.0631363602409998	TRUE	acyl-CoA dehydrogenase family member 9	MIM	OXPHOS > Complex I > CI assembly factors | OXPHOS > OXPHOS assembly factors
p_1569	22.30454879672994	21.716072971033082	21.964621841144517	21.233975948821385	16.864488448146105	15.484602647485943	NT5DC2	3.3871802188498936	1.8105480057366952	greater	3366569.3003155403	4.134058854818036	TRUE	5'-nucleotidase domain containing 2	Matrix	Metabolism > Nucleotide metabolism > Nucleotide synthesis and processing
p_1571	21.226763194527376	0	22.746693290520014	0	0	0	MRPL44	2	0.8782018420115509	greater	3163966.6666666665	NA	FALSE	mitochondrial ribosomal protein L44	Matrix	Mitochondrial central dogma > Translation > Mitochondrial ribosome
p_1583	19.746112430405553	20.68842192635384	20.02607625922264	0	18.378866340163277	15.77146367738216	NGRN	2.7183344633492914	1.7881548848474504	greater	1080022	3.0783718632212924	TRUE	neugrin, neurite outgrowth associated	Matrix	Mitochondrial central dogma > mtRNA metabolism > mt-rRNA modifications | Mitochondrial central dogma > Translation > Mitochondrial ribosome assembly
p_1594	25.444680305022516	26.34759759754537	26.064001484880833	22.82189871321968	21.565279223918093	18.005257206377706	IARS2	2.136105252579272	1.850711590526283	greater	63547644.75024216	5.154614747977746	TRUE	isoleucyl-tRNA synthetase 2, mitochondrial	Matrix	Mitochondrial central dogma > Translation > mt-tRNA synthetases
p_1613	19.191476154388294	19.35123905019733	20.679515321122395	21.454177279089127	0	16.453206318425792	MRPL39	2.538083138792175	0.30269308489061947	less	-5304.333333333372	0.7870517098118768	FALSE	mitochondrial ribosomal protein L39	Matrix	Mitochondrial central dogma > Translation > Mitochondrial ribosome
p_1619	23.12455189705595	24.89988981151557	24.059366990214592	21.245859633453215	19.35855462540704	18.850049453673613	NDUFAF4	2.039852398105239	1.2764313214054759	greater	18107575.082265496	4.209781662084083	FALSE	NADH:ubiquinone oxidoreductase complex assembly factor 4	MIM	OXPHOS > Complex I > CI assembly factors | OXPHOS > OXPHOS assembly factors
p_1629	23.337016549186387	22.54759708161185	22.833873926235636	22.512269070935307	19.18299318577265	17.459487652623718	UQCR10	3.5826664517408484	1.4477943836036502	greater	5848079.308828301	3.1879125492340705	TRUE	ubiquinol-cytochrome c reductase, complex III subunit X	MIM	OXPHOS > Complex III > CIII subunits | OXPHOS > OXPHOS subunits
p_1634	22.205025079042528	23.745811451662888	24.577097373092023	0	0	0	NDUFA12	2	1.1908966002070591	greater	14643600	NA	FALSE	NADH:ubiquinone oxidoreductase subunit A12	MIM	OXPHOS > Complex I > CI subunits | OXPHOS > OXPHOS subunits
p_1637	19.52917315763627	21.283253994553835	20.45111148031666	0	0	0	AK3	2	1.3260190811462385	greater	1580733.3333333333	NA	NA	adenylate kinase 3	Matrix	Metabolism > Nucleotide metabolism > Nucleotide synthesis and processing
p_1660	22.514991614723677	24.044602317997562	23.819581252173474	24.11314830757622	21.515713792306176	18.624142172105543	VDAC3	3.3314907024958904	0.6462326057746287	greater	5555556.940530442	2.0420569709689254	FALSE	voltage dependent anion channel 3	MOM	Signaling > Calcium homeostasis > Mitochondrial permeability transition pore | Small molecule transport
p_1668	22.74771788811998	22.71021892971796	22.982349027376788	22.707546395044687	19.37551675963625	0	POLDIP2	2.168661720246007	1.127409302714675	greater	4887313.333333334	1.771897037731108	FALSE	DNA polymerase delta interacting protein 2	Matrix	Mitochondrial central dogma > mtDNA maintenance > mtDNA nucleoid
p_1672	20.21572849996359	20.745176165030177	19.641108015396327	20.250840816425367	17.187091056034827	0	YARS2	3.5589616216583737	1.0477723518171553	greater	798673.3333333333	1.4817049572332657	FALSE	tyrosyl-tRNA synthetase 2	Matrix	Mitochondrial central dogma > Translation > mt-tRNA synthetases
p_1673	22.653138314388077	22.18319708358707	21.977396277355584	21.439186143512174	20.616118936152734	0	ACOT9	3.95513661875016	1.8273754283817714	greater	3678866.666666667	1.2435913519444561	FALSE	acyl-CoA thioesterase 9	MIM	Metabolism > Lipid metabolism
p_1676	23.251475620463935	23.750930300839848	23.32553398222709	21.740983425170583	18.22421369769579	0	MRPS23	3.9165929270890865	2.6792905664045863	greater	10267926.666666668	3.4600480730771075	TRUE	mitochondrial ribosomal protein S23	Matrix	Mitochondrial central dogma > Translation > Mitochondrial ribosome
p_1684	24.290035234093796	25.341604364813453	25.053330040371918	23.281217064091397	21.447331979392317	17.657744104649268	AFG3L2	2.8221518061810307	1.7961328742692217	greater	28200776.90015386	4.099558830382062	TRUE	AFG3 like matrix AAA peptidase subunit 2	MIM	Protein import, sorting and homeostasis > Protein homeostasis > Proteases
